<DB>
<Tbl name="DBBase" RowCount="1">
<Row No="0">
<DM name="IFInfo" val="0101010004000000010601000000021244030000440200004401000044000000"/>
</Row>
</Tbl>
<Tbl name="ETH" RowCount="4">
<Row No="0">
<DM name="ViewName" val="IGD.LD1.ETH1"/>
<DM name="LDWDViewName" val="IGD.LD1"/>
<DM name="Enable" val="1"/>
<DM name="SupportType" val="0"/>
<DM name="CurrType" val="0"/>
<DM name="SupportBitRate" val="1"/>
<DM name="MaxBitRate" val="3"/>
<DM name="DuplexMode" val="2"/>
<DM name="IsPortIsolate" val="0"/>
<DM name="IsFlowCtl" val="0"/>
<DM name="MDIXEnable" val="0"/>
<DM name="IFName" val="eth0"/>
</Row>
<Row No="1">
<DM name="ViewName" val="IGD.LD1.ETH2"/>
<DM name="LDWDViewName" val="IGD.LD1"/>
<DM name="Enable" val="1"/>
<DM name="SupportType" val="0"/>
<DM name="CurrType" val="0"/>
<DM name="SupportBitRate" val="1"/>
<DM name="MaxBitRate" val="3"/>
<DM name="DuplexMode" val="2"/>
<DM name="IsPortIsolate" val="0"/>
<DM name="IsFlowCtl" val="0"/>
<DM name="MDIXEnable" val="0"/>
<DM name="IFName" val="eth1"/>
</Row>
<Row No="2">
<DM name="ViewName" val="IGD.LD1.ETH3"/>
<DM name="LDWDViewName" val="IGD.LD1"/>
<DM name="Enable" val="1"/>
<DM name="SupportType" val="0"/>
<DM name="CurrType" val="0"/>
<DM name="SupportBitRate" val="1"/>
<DM name="MaxBitRate" val="3"/>
<DM name="DuplexMode" val="2"/>
<DM name="IsPortIsolate" val="0"/>
<DM name="IsFlowCtl" val="0"/>
<DM name="MDIXEnable" val="0"/>
<DM name="IFName" val="eth2"/>
</Row>
<Row No="3">
<DM name="ViewName" val="IGD.LD1.ETH4"/>
<DM name="LDWDViewName" val="IGD.LD1"/>
<DM name="Enable" val="1"/>
<DM name="SupportType" val="0"/>
<DM name="CurrType" val="0"/>
<DM name="SupportBitRate" val="1"/>
<DM name="MaxBitRate" val="3"/>
<DM name="DuplexMode" val="2"/>
<DM name="IsPortIsolate" val="0"/>
<DM name="IsFlowCtl" val="0"/>
<DM name="MDIXEnable" val="0"/>
<DM name="IFName" val="eth3"/>
</Row>
</Tbl>
<Tbl name="WAND" RowCount="1">
<Row No="0">
<DM name="ViewName" val="IGD.WD1"/>
<DM name="WANDType" val="0"/>
<DM name="WANCDCapcity" val="1"/>
<DM name="TriggerEnable" val="0"/>
</Row>
</Tbl>
<Tbl name="WANDCfg" RowCount="1">
<Row No="0">
<DM name="ViewName" val="IGD.WD1.WDCfg"/>
<DM name="WDViewName" val="IGD.WD1"/>
<DM name="Enable" val="1"/>
<DM name="ModulationTypeSet" val="9406"/>
<DM name="StandardsSupported" val="9406"/>
<DM name="LinkEncapUsed" val="5"/>
<DM name="Profile" val="127"/>
<DM name="Bitswap" val="1"/>
<DM name="SRA" val="0"/>
<DM name="US0" val="0"/>
</Row>
</Tbl>
<Tbl name="WANCD" RowCount="4">
<Row No="0">
<DM name="ViewName" val="IGD.WD1.WCD1"/>
<DM name="WANDViewName" val="IGD.WD1"/>
<DM name="WANCCapcity" val="0"/>
<DM name="LinkType" val="2"/>
<DM name="Enabled" val="0"/>
</Row>
<Row No="1">
<DM name="ViewName" val="IGD.WD1.WCD2"/>
<DM name="WANDViewName" val="IGD.WD1"/>
<DM name="WANCCapcity" val="0"/>
<DM name="LinkType" val="2"/>
<DM name="Enabled" val="0"/>
</Row>
<Row No="2">
<DM name="ViewName" val="IGD.WD1.WCD3"/>
<DM name="WANDViewName" val="IGD.WD1"/>
<DM name="WANCCapcity" val="0"/>
<DM name="LinkType" val="2"/>
<DM name="Enabled" val="0"/>
</Row>
<Row No="3">
<DM name="ViewName" val="IGD.WD1.WCD4"/>
<DM name="WANDViewName" val="IGD.WD1"/>
<DM name="WANCCapcity" val="0"/>
<DM name="LinkType" val="2"/>
<DM name="Enabled" val="0"/>
</Row>
</Tbl>
<Tbl name="DSLCfg" RowCount="4">
<Row No="0">
<DM name="ViewName" val="IGD.WD1.WCD1.DSLCfg"/>
<DM name="WANCDViewName" val="IGD.WD1.WCD1"/>
<DM name="Enable" val="1"/>
<DM name="LinkType" val="2"/>
<DM name="DestAddress" val="0/35"/>
<DM name="ATMEncapsulation" val="0"/>
<DM name="FCSPreserved" val="0"/>
<DM name="VCSearchEnable" val="0"/>
<DM name="VCSearchList" val=""/>
<DM name="ATMQoS" val="0"/>
<DM name="ATMMaxPCR" val="0"/>
<DM name="ATMPeakCellRate" val="0"/>
<DM name="ATMSCR" val="0"/>
<DM name="ATMMCR" val="0"/>
<DM name="ATMMaxBurstSize" val="0"/>
<DM name="ATMCDV" val="0"/>
</Row>
<Row No="1">
<DM name="ViewName" val="IGD.WD1.WCD2.DSLCfg"/>
<DM name="WANCDViewName" val="IGD.WD1.WCD2"/>
<DM name="Enable" val="0"/>
<DM name="LinkType" val="2"/>
<DM name="DestAddress" val="0/40"/>
<DM name="ATMEncapsulation" val="0"/>
<DM name="FCSPreserved" val="0"/>
<DM name="VCSearchEnable" val="0"/>
<DM name="VCSearchList" val=""/>
<DM name="ATMQoS" val="0"/>
<DM name="ATMMaxPCR" val="0"/>
<DM name="ATMPeakCellRate" val="0"/>
<DM name="ATMSCR" val="0"/>
<DM name="ATMMCR" val="0"/>
<DM name="ATMMaxBurstSize" val="0"/>
<DM name="ATMCDV" val="0"/>
</Row>
<Row No="2">
<DM name="ViewName" val="IGD.WD1.WCD3.DSLCfg"/>
<DM name="WANCDViewName" val="IGD.WD1.WCD3"/>
<DM name="Enable" val="1"/>
<DM name="LinkType" val="2"/>
<DM name="DestAddress" val="0/50"/>
<DM name="ATMEncapsulation" val="0"/>
<DM name="FCSPreserved" val="0"/>
<DM name="VCSearchEnable" val="0"/>
<DM name="VCSearchList" val=""/>
<DM name="ATMQoS" val="0"/>
<DM name="ATMMaxPCR" val="0"/>
<DM name="ATMPeakCellRate" val="0"/>
<DM name="ATMSCR" val="0"/>
<DM name="ATMMCR" val="0"/>
<DM name="ATMMaxBurstSize" val="0"/>
<DM name="ATMCDV" val="0"/>
</Row>
<Row No="3">
<DM name="ViewName" val="IGD.WD1.WCD4.DSLCfg"/>
<DM name="WANCDViewName" val="IGD.WD1.WCD4"/>
<DM name="Enable" val="1"/>
<DM name="LinkType" val="2"/>
<DM name="DestAddress" val="0/60"/>
<DM name="ATMEncapsulation" val="0"/>
<DM name="FCSPreserved" val="0"/>
<DM name="VCSearchEnable" val="0"/>
<DM name="VCSearchList" val=""/>
<DM name="ATMQoS" val="0"/>
<DM name="ATMMaxPCR" val="0"/>
<DM name="ATMPeakCellRate" val="0"/>
<DM name="ATMSCR" val="0"/>
<DM name="ATMMCR" val="0"/>
<DM name="ATMMaxBurstSize" val="0"/>
<DM name="ATMCDV" val="0"/>
</Row>
</Tbl>
<Tbl name="OAM" RowCount="4">
<Row No="0">
<DM name="ViewName" val="IGD.WD1.WCD1.OAM"/>
<DM name="WANCDViewName" val="IGD.WD1.WCD1"/>
</Row>
<Row No="1">
<DM name="ViewName" val="IGD.WD1.WCD2.OAM"/>
<DM name="WANCDViewName" val="IGD.WD1.WCD2"/>
</Row>
<Row No="2">
<DM name="ViewName" val="IGD.WD1.WCD3.OAM"/>
<DM name="WANCDViewName" val="IGD.WD1.WCD3"/>
</Row>
<Row No="3">
<DM name="ViewName" val="IGD.WD1.WCD4.OAM"/>
<DM name="WANCDViewName" val="IGD.WD1.WCD4"/>
</Row>
</Tbl>
<Tbl name="WANC" RowCount="4">
<Row No="0">
<DM name="ViewName" val="IGD.WD1.WCD1.WCPPP1"/>
<DM name="WANCDViewName" val="IGD.WD1.WCD1"/>
<DM name="Enable" val="1"/>
<DM name="WANCType" val="0"/>
<DM name="ConnType" val="1"/>
<DM name="TriggerEnable" val="0"/>
<DM name="LANDViewName" val=""/>
<DM name="WANCName" val="PVC0"/>
<DM name="StrServList" val=""/>
<DM name="ServList" val="0"/>
<DM name="IsNAT" val="1"/>
<DM name="IsForward" val="1"/>
<DM name="IsDefGW" val="1"/>
<DM name="DSCP" val="-1"/>
<DM name="DSCP6" val="-1"/>
<DM name="TC" val="-1"/>
<DM name="VLANID" val="0"/>
<DM name="Priority" val="0"/>
<DM name="WBDMode" val="0"/>
<DM name="HideListView" val="0"/>
<DM name="IPMode" val="1"/>
<DM name="Index" val="1"/>
</Row>
<Row No="1">
<DM name="ViewName" val="IGD.WD1.WCD2.WCPPP1"/>
<DM name="WANCDViewName" val="IGD.WD1.WCD2"/>
<DM name="Enable" val="1"/>
<DM name="WANCType" val="0"/>
<DM name="ConnType" val="1"/>
<DM name="TriggerEnable" val="0"/>
<DM name="LANDViewName" val=""/>
<DM name="WANCName" val="PVC1"/>
<DM name="StrServList" val=""/>
<DM name="ServList" val="0"/>
<DM name="IsNAT" val="1"/>
<DM name="IsForward" val="1"/>
<DM name="IsDefGW" val="1"/>
<DM name="DSCP" val="-1"/>
<DM name="DSCP6" val="-1"/>
<DM name="TC" val="-1"/>
<DM name="VLANID" val="0"/>
<DM name="Priority" val="0"/>
<DM name="WBDMode" val="0"/>
<DM name="HideListView" val="0"/>
<DM name="IPMode" val="1"/>
<DM name="Index" val="2"/>
</Row>
<Row No="2">
<DM name="ViewName" val="IGD.WD1.WCD3.WCPPP1"/>
<DM name="WANCDViewName" val="IGD.WD1.WCD3"/>
<DM name="Enable" val="1"/>
<DM name="WANCType" val="0"/>
<DM name="ConnType" val="4"/>
<DM name="TriggerEnable" val="0"/>
<DM name="LANDViewName" val=""/>
<DM name="WANCName" val="PVC2"/>
<DM name="StrServList" val=""/>
<DM name="ServList" val="0"/>
<DM name="IsNAT" val="1"/>
<DM name="IsForward" val="1"/>
<DM name="IsDefGW" val="1"/>
<DM name="DSCP" val="-1"/>
<DM name="DSCP6" val="-1"/>
<DM name="TC" val="-1"/>
<DM name="VLANID" val="0"/>
<DM name="Priority" val="0"/>
<DM name="WBDMode" val="0"/>
<DM name="HideListView" val="0"/>
<DM name="IPMode" val="1"/>
<DM name="Index" val="3"/>
</Row>
<Row No="3">
<DM name="ViewName" val="IGD.WD1.WCD4.WCPPP1"/>
<DM name="WANCDViewName" val="IGD.WD1.WCD4"/>
<DM name="Enable" val="1"/>
<DM name="WANCType" val="0"/>
<DM name="ConnType" val="4"/>
<DM name="TriggerEnable" val="0"/>
<DM name="LANDViewName" val=""/>
<DM name="WANCName" val="PVC3"/>
<DM name="StrServList" val=""/>
<DM name="ServList" val="0"/>
<DM name="IsNAT" val="1"/>
<DM name="IsForward" val="1"/>
<DM name="IsDefGW" val="1"/>
<DM name="DSCP" val="-1"/>
<DM name="DSCP6" val="-1"/>
<DM name="TC" val="-1"/>
<DM name="VLANID" val="0"/>
<DM name="Priority" val="0"/>
<DM name="WBDMode" val="0"/>
<DM name="HideListView" val="0"/>
<DM name="IPMode" val="1"/>
<DM name="Index" val="4"/>
</Row>
</Tbl>
<Tbl name="WANCPPP" RowCount="4">
<Row No="0">
<DM name="ViewName" val="IGD.WD1.WCD1.WCPPP1"/>
<DM name="UserName" val="00000@tedata.net.eg"/>
<DM name="Password" val="00000000"/>
<DM name="ConnTrigger" val="0"/>
<DM name="AuthType" val="0"/>
<DM name="IdleTime" val="1200"/>
<DM name="AutoDisconnTime" val="0"/>
<DM name="WarnDisconnTime" val="0"/>
<DM name="MaxMRU" val="1492"/>
<DM name="MTU" val="1492"/>
<DM name="EchoTime" val="30"/>
<DM name="EchoRetry" val="20"/>
<DM name="PPPoEACName" val=""/>
<DM name="PPPoEServiceName" val=""/>
<DM name="EnableProxy" val="0"/>
<DM name="MaxUser" val="4"/>
<DM name="EnablePassThrough" val="0"/>
<DM name="PassThroughViewName" val=""/>
<DM name="ValidWANRx" val="0"/>
<DM name="ValidLANTx" val="1"/>
<DM name="HostTrigger" val="0"/>
<DM name="TtyDialNum" val=""/>
<DM name="TtyAPN" val=""/>
<DM name="TtyPDPType" val="0"/>
<DM name="PPPEncapsType" val="0"/>
<DM name="EncapsID" val=""/>
</Row>
<Row No="1">
<DM name="ViewName" val="IGD.WD1.WCD2.WCPPP1"/>
<DM name="UserName" val="wifihomespot@tedata.net.eg"/>
<DM name="Password" val="homespot123456"/>
<DM name="ConnTrigger" val="0"/>
<DM name="AuthType" val="0"/>
<DM name="IdleTime" val="1200"/>
<DM name="AutoDisconnTime" val="0"/>
<DM name="WarnDisconnTime" val="0"/>
<DM name="MaxMRU" val="1492"/>
<DM name="MTU" val="1492"/>
<DM name="EchoTime" val="30"/>
<DM name="EchoRetry" val="20"/>
<DM name="PPPoEACName" val=""/>
<DM name="PPPoEServiceName" val=""/>
<DM name="EnableProxy" val="0"/>
<DM name="MaxUser" val="4"/>
<DM name="EnablePassThrough" val="0"/>
<DM name="PassThroughViewName" val=""/>
<DM name="ValidWANRx" val="0"/>
<DM name="ValidLANTx" val="1"/>
<DM name="HostTrigger" val="0"/>
<DM name="TtyDialNum" val=""/>
<DM name="TtyAPN" val=""/>
<DM name="TtyPDPType" val="0"/>
<DM name="PPPEncapsType" val="0"/>
<DM name="EncapsID" val=""/>
</Row>
<Row No="2">
<DM name="ViewName" val="IGD.WD1.WCD3.WCPPP1"/>
<DM name="UserName" val=""/>
<DM name="Password" val=""/>
<DM name="ConnTrigger" val="0"/>
<DM name="AuthType" val="0"/>
<DM name="IdleTime" val="1200"/>
<DM name="AutoDisconnTime" val="0"/>
<DM name="WarnDisconnTime" val="0"/>
<DM name="MaxMRU" val="1492"/>
<DM name="MTU" val="1492"/>
<DM name="EchoTime" val="30"/>
<DM name="EchoRetry" val="20"/>
<DM name="PPPoEACName" val=""/>
<DM name="PPPoEServiceName" val=""/>
<DM name="EnableProxy" val="0"/>
<DM name="MaxUser" val="4"/>
<DM name="EnablePassThrough" val="0"/>
<DM name="PassThroughViewName" val=""/>
<DM name="ValidWANRx" val="0"/>
<DM name="ValidLANTx" val="1"/>
<DM name="HostTrigger" val="0"/>
<DM name="TtyDialNum" val=""/>
<DM name="TtyAPN" val=""/>
<DM name="TtyPDPType" val="0"/>
<DM name="PPPEncapsType" val="0"/>
<DM name="EncapsID" val=""/>
</Row>
<Row No="3">
<DM name="ViewName" val="IGD.WD1.WCD4.WCPPP1"/>
<DM name="UserName" val=""/>
<DM name="Password" val=""/>
<DM name="ConnTrigger" val="0"/>
<DM name="AuthType" val="0"/>
<DM name="IdleTime" val="1200"/>
<DM name="AutoDisconnTime" val="0"/>
<DM name="WarnDisconnTime" val="0"/>
<DM name="MaxMRU" val="1492"/>
<DM name="MTU" val="1492"/>
<DM name="EchoTime" val="30"/>
<DM name="EchoRetry" val="20"/>
<DM name="PPPoEACName" val=""/>
<DM name="PPPoEServiceName" val=""/>
<DM name="EnableProxy" val="0"/>
<DM name="MaxUser" val="4"/>
<DM name="EnablePassThrough" val="0"/>
<DM name="PassThroughViewName" val=""/>
<DM name="ValidWANRx" val="0"/>
<DM name="ValidLANTx" val="1"/>
<DM name="HostTrigger" val="0"/>
<DM name="TtyDialNum" val=""/>
<DM name="TtyAPN" val=""/>
<DM name="TtyPDPType" val="0"/>
<DM name="PPPEncapsType" val="0"/>
<DM name="EncapsID" val=""/>
</Row>
</Tbl>
<Tbl name="LAND" RowCount="1">
<Row No="0">
<DM name="ViewName" val="IGD.LD1"/>
<DM name="LANDName" val="LAN"/>
<DM name="Name" val="br0"/>
<DM name="Enable" val="1"/>
<DM name="IPAddr" val="192.168.1.1"/>
<DM name="NetMask" val="255.255.255.0"/>
<DM name="AddressingType" val="1"/>
<DM name="HelloTime" val="10"/>
<DM name="ForwardDelay" val="15"/>
<DM name="MAXAge" val="20"/>
<DM name="AgeingTime" val="300"/>
<DM name="RootPathCost" val="0"/>
<DM name="MAC" val="00:d0:d0:00:00:01"/>
<DM name="STPEnable" val="0"/>
<DM name="IGMPSNPEnable" val="1"/>
<DM name="IfMtoU" val="1"/>
<DM name="IfQrySend" val="1"/>
<DM name="IfSendWan" val="0"/>
<DM name="UnregisMode" val="0"/>
<DM name="GrpTimeout" val="360"/>
</Row>
</Tbl>
<Tbl name="BrGrp2ndIP" RowCount="1">
<Row No="0">
<DM name="Enable" val="0"/>
<DM name="IPAddr" val="0.0.0.0"/>
<DM name="NetMask" val="0.0.0.0"/>
</Row>
</Tbl>
<Tbl name="DHCPSHostCfg" RowCount="1">
<Row No="0">
<DM name="ViewName" val="IGD.LD1.HostCfg"/>
<DM name="LANDViewName" val="IGD.LD1"/>
<DM name="Configurable" val="1"/>
<DM name="ServerEnable" val="1"/>
<DM name="RelayEnable" val="0"/>
<DM name="PoolName" val="defaultpool"/>
<DM name="MinAddress" val="192.168.1.2"/>
<DM name="MaxAddress" val="192.168.1.254"/>
<DM name="ReservedAddresses" val=""/>
<DM name="SubnetMask" val="255.255.255.0"/>
<DM name="DnsServerSource" val="0"/>
<DM name="DNSServers1" val="192.168.1.1"/>
<DM name="DNSServers2" val="0.0.0.0"/>
<DM name="DNSServers3" val="0.0.0.0"/>
<DM name="DomainName" val=""/>
<DM name="IPRouters" val="192.168.1.1"/>
<DM name="LeaseTime" val="86400"/>
<DM name="UseAllocatedWAN" val=""/>
<DM name="AssociatedConnection" val=""/>
<DM name="PassthroughLease" val="0"/>
<DM name="PassthroughCSP_MACAddress" val=""/>
<DM name="AllowedCSP_MACAddresses" val=""/>
<DM name="DHCPConditionalServing" val="0"/>
</Row>
</Tbl>
<Tbl name="DHCPSPool" RowCount="15">
<Row No="0">
<DM name="ViewName" val="IGD.LD1.HostCfg.Pool1"/>
<DM name="HostCfgViewName" val="IGD.LD1.HostCfg"/>
<DM name="Enable" val="1"/>
<DM name="ProcFlag" val="0"/>
<DM name="PoolOrder" val="0"/>
<DM name="SourceInterface" val=""/>
<DM name="VendorClassID" val="*"/>
<DM name="ClientID" val=""/>
<DM name="UserClassID" val="HGW"/>
<DM name="Chaddr" val="00:00:00:00:00:00"/>
<DM name="PoolName" val="hgw"/>
<DM name="MinAddress" val="0.0.0.0"/>
<DM name="MaxAddress" val="0.0.0.0"/>
<DM name="ReservedAddresses" val=""/>
<DM name="SubnetMask" val="0.0.0.0"/>
<DM name="DNSServers1" val="0.0.0.0"/>
<DM name="DNSServers2" val="0.0.0.0"/>
<DM name="DNSServers3" val="0.0.0.0"/>
<DM name="DomainName" val="ehome"/>
<DM name="IPRouters" val="0.0.0.0"/>
<DM name="LeaseTime" val="0"/>
<DM name="UseAllocatedWAN" val=""/>
<DM name="AssociatedConnection" val=""/>
<DM name="PassthroughLease" val="0"/>
</Row>
<Row No="1">
<DM name="ViewName" val="IGD.LD1.HostCfg.Pool2"/>
<DM name="HostCfgViewName" val="IGD.LD1.HostCfg"/>
<DM name="Enable" val="1"/>
<DM name="ProcFlag" val="0"/>
<DM name="PoolOrder" val="0"/>
<DM name="SourceInterface" val=""/>
<DM name="VendorClassID" val="*"/>
<DM name="ClientID" val=""/>
<DM name="UserClassID" val="STB"/>
<DM name="Chaddr" val="00:00:00:00:00:00"/>
<DM name="PoolName" val="stb"/>
<DM name="MinAddress" val="0.0.0.0"/>
<DM name="MaxAddress" val="0.0.0.0"/>
<DM name="ReservedAddresses" val=""/>
<DM name="SubnetMask" val="0.0.0.0"/>
<DM name="DNSServers1" val="0.0.0.0"/>
<DM name="DNSServers2" val="0.0.0.0"/>
<DM name="DNSServers3" val="0.0.0.0"/>
<DM name="DomainName" val="ehome"/>
<DM name="IPRouters" val="0.0.0.0"/>
<DM name="LeaseTime" val="0"/>
<DM name="UseAllocatedWAN" val=""/>
<DM name="AssociatedConnection" val=""/>
<DM name="PassthroughLease" val="0"/>
</Row>
<Row No="2">
<DM name="ViewName" val="IGD.LD1.HostCfg.Pool3"/>
<DM name="HostCfgViewName" val="IGD.LD1.HostCfg"/>
<DM name="Enable" val="1"/>
<DM name="ProcFlag" val="0"/>
<DM name="PoolOrder" val="0"/>
<DM name="SourceInterface" val=""/>
<DM name="VendorClassID" val="*"/>
<DM name="ClientID" val=""/>
<DM name="UserClassID" val="Camera"/>
<DM name="Chaddr" val="00:00:00:00:00:00"/>
<DM name="PoolName" val="camera"/>
<DM name="MinAddress" val="0.0.0.0"/>
<DM name="MaxAddress" val="0.0.0.0"/>
<DM name="ReservedAddresses" val=""/>
<DM name="SubnetMask" val="0.0.0.0"/>
<DM name="DNSServers1" val="0.0.0.0"/>
<DM name="DNSServers2" val="0.0.0.0"/>
<DM name="DNSServers3" val="0.0.0.0"/>
<DM name="DomainName" val="ehome"/>
<DM name="IPRouters" val="0.0.0.0"/>
<DM name="LeaseTime" val="0"/>
<DM name="UseAllocatedWAN" val=""/>
<DM name="AssociatedConnection" val=""/>
<DM name="PassthroughLease" val="0"/>
</Row>
<Row No="3">
<DM name="ViewName" val="IGD.LD1.HostCfg.Pool4"/>
<DM name="HostCfgViewName" val="IGD.LD1.HostCfg"/>
<DM name="Enable" val="1"/>
<DM name="ProcFlag" val="0"/>
<DM name="PoolOrder" val="0"/>
<DM name="SourceInterface" val=""/>
<DM name="VendorClassID" val="*"/>
<DM name="ClientID" val=""/>
<DM name="UserClassID" val="Phone"/>
<DM name="Chaddr" val="00:00:00:00:00:00"/>
<DM name="PoolName" val="phone"/>
<DM name="MinAddress" val="0.0.0.0"/>
<DM name="MaxAddress" val="0.0.0.0"/>
<DM name="ReservedAddresses" val=""/>
<DM name="SubnetMask" val="0.0.0.0"/>
<DM name="DNSServers1" val="0.0.0.0"/>
<DM name="DNSServers2" val="0.0.0.0"/>
<DM name="DNSServers3" val="0.0.0.0"/>
<DM name="DomainName" val="ehome"/>
<DM name="IPRouters" val="0.0.0.0"/>
<DM name="LeaseTime" val="0"/>
<DM name="UseAllocatedWAN" val=""/>
<DM name="AssociatedConnection" val=""/>
<DM name="PassthroughLease" val="0"/>
</Row>
<Row No="4">
<DM name="ViewName" val="IGD.LD1.HostCfg.Pool5"/>
<DM name="HostCfgViewName" val="IGD.LD1.HostCfg"/>
<DM name="Enable" val="1"/>
<DM name="ProcFlag" val="0"/>
<DM name="PoolOrder" val="0"/>
<DM name="SourceInterface" val=""/>
<DM name="VendorClassID" val="*"/>
<DM name="ClientID" val=""/>
<DM name="UserClassID" val="*"/>
<DM name="Chaddr" val="00:00:00:00:00:00"/>
<DM name="PoolName" val="pc"/>
<DM name="MinAddress" val="0.0.0.0"/>
<DM name="MaxAddress" val="0.0.0.0"/>
<DM name="ReservedAddresses" val=""/>
<DM name="SubnetMask" val="0.0.0.0"/>
<DM name="DNSServers1" val="0.0.0.0"/>
<DM name="DNSServers2" val="0.0.0.0"/>
<DM name="DNSServers3" val="0.0.0.0"/>
<DM name="DomainName" val="ehome"/>
<DM name="IPRouters" val="0.0.0.0"/>
<DM name="LeaseTime" val="0"/>
<DM name="UseAllocatedWAN" val=""/>
<DM name="AssociatedConnection" val=""/>
<DM name="PassthroughLease" val="0"/>
</Row>
<Row No="5">
<DM name="ViewName" val="IGD.LD1.HostCfg.Pool6"/>
<DM name="HostCfgViewName" val="IGD.LD1.HostCfg"/>
<DM name="Enable" val="0"/>
<DM name="ProcFlag" val="0"/>
<DM name="PoolOrder" val="0"/>
<DM name="SourceInterface" val=""/>
<DM name="VendorClassID" val="eth0"/>
<DM name="ClientID" val=""/>
<DM name="UserClassID" val="*"/>
<DM name="Chaddr" val="00:00:00:00:00:00"/>
<DM name="PoolName" val="eth0"/>
<DM name="MinAddress" val="0.0.0.0"/>
<DM name="MaxAddress" val="0.0.0.0"/>
<DM name="ReservedAddresses" val=""/>
<DM name="SubnetMask" val="0.0.0.0"/>
<DM name="DNSServers1" val="0.0.0.0"/>
<DM name="DNSServers2" val="0.0.0.0"/>
<DM name="DNSServers3" val="0.0.0.0"/>
<DM name="DomainName" val="ehome"/>
<DM name="IPRouters" val="0.0.0.0"/>
<DM name="LeaseTime" val="0"/>
<DM name="UseAllocatedWAN" val=""/>
<DM name="AssociatedConnection" val=""/>
<DM name="PassthroughLease" val="0"/>
</Row>
<Row No="6">
<DM name="ViewName" val="IGD.LD1.HostCfg.Pool7"/>
<DM name="HostCfgViewName" val="IGD.LD1.HostCfg"/>
<DM name="Enable" val="0"/>
<DM name="ProcFlag" val="0"/>
<DM name="PoolOrder" val="0"/>
<DM name="SourceInterface" val=""/>
<DM name="VendorClassID" val="eth1"/>
<DM name="ClientID" val=""/>
<DM name="UserClassID" val="*"/>
<DM name="Chaddr" val="00:00:00:00:00:00"/>
<DM name="PoolName" val="eth1"/>
<DM name="MinAddress" val="0.0.0.0"/>
<DM name="MaxAddress" val="0.0.0.0"/>
<DM name="ReservedAddresses" val=""/>
<DM name="SubnetMask" val="0.0.0.0"/>
<DM name="DNSServers1" val="0.0.0.0"/>
<DM name="DNSServers2" val="0.0.0.0"/>
<DM name="DNSServers3" val="0.0.0.0"/>
<DM name="DomainName" val="ehome"/>
<DM name="IPRouters" val="0.0.0.0"/>
<DM name="LeaseTime" val="0"/>
<DM name="UseAllocatedWAN" val=""/>
<DM name="AssociatedConnection" val=""/>
<DM name="PassthroughLease" val="0"/>
</Row>
<Row No="7">
<DM name="ViewName" val="IGD.LD1.HostCfg.Pool8"/>
<DM name="HostCfgViewName" val="IGD.LD1.HostCfg"/>
<DM name="Enable" val="0"/>
<DM name="ProcFlag" val="0"/>
<DM name="PoolOrder" val="0"/>
<DM name="SourceInterface" val=""/>
<DM name="VendorClassID" val="eth2"/>
<DM name="ClientID" val=""/>
<DM name="UserClassID" val="*"/>
<DM name="Chaddr" val="00:00:00:00:00:00"/>
<DM name="PoolName" val="eth2"/>
<DM name="MinAddress" val="0.0.0.0"/>
<DM name="MaxAddress" val="0.0.0.0"/>
<DM name="ReservedAddresses" val=""/>
<DM name="SubnetMask" val="0.0.0.0"/>
<DM name="DNSServers1" val="0.0.0.0"/>
<DM name="DNSServers2" val="0.0.0.0"/>
<DM name="DNSServers3" val="0.0.0.0"/>
<DM name="DomainName" val="ehome"/>
<DM name="IPRouters" val="0.0.0.0"/>
<DM name="LeaseTime" val="0"/>
<DM name="UseAllocatedWAN" val=""/>
<DM name="AssociatedConnection" val=""/>
<DM name="PassthroughLease" val="0"/>
</Row>
<Row No="8">
<DM name="ViewName" val="IGD.LD1.HostCfg.Pool9"/>
<DM name="HostCfgViewName" val="IGD.LD1.HostCfg"/>
<DM name="Enable" val="0"/>
<DM name="ProcFlag" val="0"/>
<DM name="PoolOrder" val="0"/>
<DM name="SourceInterface" val=""/>
<DM name="VendorClassID" val="eth3"/>
<DM name="ClientID" val=""/>
<DM name="UserClassID" val="*"/>
<DM name="Chaddr" val="00:00:00:00:00:00"/>
<DM name="PoolName" val="eth3"/>
<DM name="MinAddress" val="0.0.0.0"/>
<DM name="MaxAddress" val="0.0.0.0"/>
<DM name="ReservedAddresses" val=""/>
<DM name="SubnetMask" val="0.0.0.0"/>
<DM name="DNSServers1" val="0.0.0.0"/>
<DM name="DNSServers2" val="0.0.0.0"/>
<DM name="DNSServers3" val="0.0.0.0"/>
<DM name="DomainName" val="ehome"/>
<DM name="IPRouters" val="0.0.0.0"/>
<DM name="LeaseTime" val="0"/>
<DM name="UseAllocatedWAN" val=""/>
<DM name="AssociatedConnection" val=""/>
<DM name="PassthroughLease" val="0"/>
</Row>
<Row No="9">
<DM name="ViewName" val="IGD.LD1.HostCfg.Pool10"/>
<DM name="HostCfgViewName" val="IGD.LD1.HostCfg"/>
<DM name="Enable" val="0"/>
<DM name="ProcFlag" val="0"/>
<DM name="PoolOrder" val="0"/>
<DM name="SourceInterface" val=""/>
<DM name="VendorClassID" val="wlan0"/>
<DM name="ClientID" val=""/>
<DM name="UserClassID" val="*"/>
<DM name="Chaddr" val="00:00:00:00:00:00"/>
<DM name="PoolName" val="wlan0"/>
<DM name="MinAddress" val="0.0.0.0"/>
<DM name="MaxAddress" val="0.0.0.0"/>
<DM name="ReservedAddresses" val=""/>
<DM name="SubnetMask" val="0.0.0.0"/>
<DM name="DNSServers1" val="0.0.0.0"/>
<DM name="DNSServers2" val="0.0.0.0"/>
<DM name="DNSServers3" val="0.0.0.0"/>
<DM name="DomainName" val="ehome"/>
<DM name="IPRouters" val="0.0.0.0"/>
<DM name="LeaseTime" val="0"/>
<DM name="UseAllocatedWAN" val=""/>
<DM name="AssociatedConnection" val=""/>
<DM name="PassthroughLease" val="0"/>
</Row>
<Row No="10">
<DM name="ViewName" val="IGD.LD1.HostCfg.Pool11"/>
<DM name="HostCfgViewName" val="IGD.LD1.HostCfg"/>
<DM name="Enable" val="0"/>
<DM name="ProcFlag" val="0"/>
<DM name="PoolOrder" val="0"/>
<DM name="SourceInterface" val=""/>
<DM name="VendorClassID" val="wlan1"/>
<DM name="ClientID" val=""/>
<DM name="UserClassID" val="*"/>
<DM name="Chaddr" val="00:00:00:00:00:00"/>
<DM name="PoolName" val="wlan1"/>
<DM name="MinAddress" val="0.0.0.0"/>
<DM name="MaxAddress" val="0.0.0.0"/>
<DM name="ReservedAddresses" val=""/>
<DM name="SubnetMask" val="0.0.0.0"/>
<DM name="DNSServers1" val="0.0.0.0"/>
<DM name="DNSServers2" val="0.0.0.0"/>
<DM name="DNSServers3" val="0.0.0.0"/>
<DM name="DomainName" val="ehome"/>
<DM name="IPRouters" val="0.0.0.0"/>
<DM name="LeaseTime" val="0"/>
<DM name="UseAllocatedWAN" val=""/>
<DM name="AssociatedConnection" val=""/>
<DM name="PassthroughLease" val="0"/>
</Row>
<Row No="11">
<DM name="ViewName" val="IGD.LD1.HostCfg.Pool12"/>
<DM name="HostCfgViewName" val="IGD.LD1.HostCfg"/>
<DM name="Enable" val="0"/>
<DM name="ProcFlag" val="0"/>
<DM name="PoolOrder" val="0"/>
<DM name="SourceInterface" val=""/>
<DM name="VendorClassID" val="wlan2"/>
<DM name="ClientID" val=""/>
<DM name="UserClassID" val="*"/>
<DM name="Chaddr" val="00:00:00:00:00:00"/>
<DM name="PoolName" val="wlan2"/>
<DM name="MinAddress" val="0.0.0.0"/>
<DM name="MaxAddress" val="0.0.0.0"/>
<DM name="ReservedAddresses" val=""/>
<DM name="SubnetMask" val="0.0.0.0"/>
<DM name="DNSServers1" val="0.0.0.0"/>
<DM name="DNSServers2" val="0.0.0.0"/>
<DM name="DNSServers3" val="0.0.0.0"/>
<DM name="DomainName" val="ehome"/>
<DM name="IPRouters" val="0.0.0.0"/>
<DM name="LeaseTime" val="0"/>
<DM name="UseAllocatedWAN" val=""/>
<DM name="AssociatedConnection" val=""/>
<DM name="PassthroughLease" val="0"/>
</Row>
<Row No="12">
<DM name="ViewName" val="IGD.LD1.HostCfg.Pool13"/>
<DM name="HostCfgViewName" val="IGD.LD1.HostCfg"/>
<DM name="Enable" val="0"/>
<DM name="ProcFlag" val="0"/>
<DM name="PoolOrder" val="0"/>
<DM name="SourceInterface" val=""/>
<DM name="VendorClassID" val="wlan3"/>
<DM name="ClientID" val=""/>
<DM name="UserClassID" val="*"/>
<DM name="Chaddr" val="00:00:00:00:00:00"/>
<DM name="PoolName" val="wlan3"/>
<DM name="MinAddress" val="0.0.0.0"/>
<DM name="MaxAddress" val="0.0.0.0"/>
<DM name="ReservedAddresses" val=""/>
<DM name="SubnetMask" val="0.0.0.0"/>
<DM name="DNSServers1" val="0.0.0.0"/>
<DM name="DNSServers2" val="0.0.0.0"/>
<DM name="DNSServers3" val="0.0.0.0"/>
<DM name="DomainName" val="ehome"/>
<DM name="IPRouters" val="0.0.0.0"/>
<DM name="LeaseTime" val="0"/>
<DM name="UseAllocatedWAN" val=""/>
<DM name="AssociatedConnection" val=""/>
<DM name="PassthroughLease" val="0"/>
</Row>
<Row No="13">
<DM name="ViewName" val="IGD.LD1.HostCfg.Pool14"/>
<DM name="HostCfgViewName" val="IGD.LD1.HostCfg"/>
<DM name="Enable" val="1"/>
<DM name="ProcFlag" val="1"/>
<DM name="PoolOrder" val="0"/>
<DM name="SourceInterface" val=""/>
<DM name="VendorClassID" val=""/>
<DM name="ClientID" val=""/>
<DM name="UserClassID" val=""/>
<DM name="Chaddr" val="00:00:00:00:00:00"/>
<DM name="PoolName" val="pppoeproxy1"/>
<DM name="MinAddress" val="172.168.1.1"/>
<DM name="MaxAddress" val="172.168.1.254"/>
<DM name="ReservedAddresses" val=""/>
<DM name="SubnetMask" val="255.255.255.0"/>
<DM name="DNSServers1" val="192.168.1.1"/>
<DM name="DNSServers2" val="0.0.0.0"/>
<DM name="DNSServers3" val="0.0.0.0"/>
<DM name="DomainName" val="ehome"/>
<DM name="IPRouters" val="192.168.1.1"/>
<DM name="LeaseTime" val="86400"/>
<DM name="UseAllocatedWAN" val=""/>
<DM name="AssociatedConnection" val=""/>
<DM name="PassthroughLease" val="0"/>
</Row>
<Row No="14">
<DM name="ViewName" val="IGD.LD1.HostCfg.Pool15"/>
<DM name="HostCfgViewName" val="IGD.LD1.HostCfg"/>
<DM name="Enable" val="1"/>
<DM name="ProcFlag" val="1"/>
<DM name="PoolOrder" val="0"/>
<DM name="SourceInterface" val=""/>
<DM name="VendorClassID" val=""/>
<DM name="ClientID" val=""/>
<DM name="UserClassID" val=""/>
<DM name="Chaddr" val="00:00:00:00:00:00"/>
<DM name="PoolName" val="pppoeproxy2"/>
<DM name="MinAddress" val="172.168.2.1"/>
<DM name="MaxAddress" val="172.168.2.254"/>
<DM name="ReservedAddresses" val=""/>
<DM name="SubnetMask" val="255.255.255.0"/>
<DM name="DNSServers1" val="192.168.1.1"/>
<DM name="DNSServers2" val="0.0.0.0"/>
<DM name="DNSServers3" val="0.0.0.0"/>
<DM name="DomainName" val="ehome"/>
<DM name="IPRouters" val="192.168.1.1"/>
<DM name="LeaseTime" val="86400"/>
<DM name="UseAllocatedWAN" val=""/>
<DM name="AssociatedConnection" val=""/>
<DM name="PassthroughLease" val="0"/>
</Row>
</Tbl>
<Tbl name="DHCPSComm" RowCount="1">
<Row No="0">
<DM name="RebootNakFlag" val="0"/>
<DM name="AdminFlag" val="1"/>
</Row>
</Tbl>
<Tbl name="DHCPCComm" RowCount="1">
<Row No="0">
<DM name="BootpFlag" val="0"/>
</Row>
</Tbl>
<Tbl name="WLANBase" RowCount="1">
<Row No="0">
<DM name="ViewName" val="IGD.LD1.WLANBase1"/>
<DM name="SettingStatus" val="1"/>
<DM name="CardIsIn" val="0"/>
<DM name="MaxInterface" val="4"/>
<DM name="DeviceMode" val="0"/>
<DM name="CardMode" val="1"/>
<DM name="CardRev" val=""/>
<DM name="Class" val="255"/>
<DM name="PID" val="33169"/>
<DM name="VID" val="4332"/>
<DM name="WlanMode" val="0"/>
<DM name="Band" val="0"/>
<DM name="BandWidth" val="0"/>
<DM name="SideBand" val="0"/>
<DM name="11nMode" val="1"/>
<DM name="11nRate" val="0"/>
<DM name="SGIEnabled" val="0"/>
<DM name="GreenField" val="0"/>
<DM name="RadioStatus" val="1"/>
<DM name="Channel" val="1"/>
<DM name="AutoChannelEnabled" val="1"/>
<DM name="TxRate" val="0"/>
<DM name="BeaconInterval" val="100"/>
<DM name="TxPower" val="1"/>
<DM name="CountryCode" val="4"/>
<DM name="RtsCts" val="2347"/>
<DM name="DTIM" val="1"/>
<DM name="Fragment" val="2346"/>
<DM name="QosType" val="1"/>
<DM name="ApsdEnabled" val="0"/>
<DM name="BasicDataRates" val="1"/>
<DM name="OpDataRates" val="3"/>
<DM name="DistanceFromRoot" val="0"/>
<DM name="PeerBSSID" val="00:00:00:00:00:00"/>
<DM name="AutoChannelFrom" val="1"/>
<DM name="AutoChannelTo" val="11"/>
<DM name="SSIDIsolationEnable" val="0"/>
<DM name="WdsMode" val="0"/>
<DM name="WdsInterface" val="0"/>
<DM name="AutoRateFallBackEnabled" val="1"/>
<DM name="PublicWiFiEnable" val="1"/>
<DM name="BindWANCId" val="IGD.WD1.WCD2.WCPPP1"/>
<DM name="Tx2Path" val="1"/>
</Row>
</Tbl>
<Tbl name="WLANCfg" RowCount="4">
<Row No="0">
<DM name="ViewName" val="IGD.LD1.WLAN1"/>
<DM name="LANDViewName" val="IGD.LD1"/>
<DM name="ValidIf" val="1"/>
<DM name="InstExist" val="1"/>
<DM name="Enable" val="1"/>
<DM name="ESSID" val="tedata"/>
<DM name="ESSIDPrefix" val=""/>
<DM name="Priority" val="1"/>
<DM name="ACLPolicy" val="0"/>
<DM name="BeaconType" val="0"/>
<DM name="ESSIDHideEnable" val="0"/>
<DM name="BeaconEnabled" val="1"/>
<DM name="WEPAuthMode" val="2"/>
<DM name="WEPLevel" val="1"/>
<DM name="WEPKeyIndex" val="1"/>
<DM name="WPAEncryptType" val="1"/>
<DM name="WPAAuthMode" val="0"/>
<DM name="11iEncryptType" val="1"/>
<DM name="11iAuthMode" val="0"/>
<DM name="WPAGroupRekey" val="600"/>
<DM name="WPAEAPServerIp" val="192.168.1.1"/>
<DM name="WPAEAPSecret" val="12345678"/>
<DM name="MaxUserNum" val="32"/>
<DM name="VapIsolationEnable" val="0"/>
<DM name="BasicEncryptionModes" val="0"/>
</Row>
<Row No="1">
<DM name="ViewName" val="IGD.LD1.WLAN2"/>
<DM name="LANDViewName" val="IGD.LD1"/>
<DM name="ValidIf" val="1"/>
<DM name="InstExist" val="0"/>
<DM name="Enable" val="0"/>
<DM name="ESSID" val="SSID2"/>
<DM name="ESSIDPrefix" val=""/>
<DM name="Priority" val="1"/>
<DM name="ACLPolicy" val="0"/>
<DM name="BeaconType" val="2"/>
<DM name="ESSIDHideEnable" val="0"/>
<DM name="BeaconEnabled" val="1"/>
<DM name="WEPAuthMode" val="2"/>
<DM name="WEPLevel" val="1"/>
<DM name="WEPKeyIndex" val="1"/>
<DM name="WPAEncryptType" val="1"/>
<DM name="WPAAuthMode" val="0"/>
<DM name="11iEncryptType" val="1"/>
<DM name="11iAuthMode" val="0"/>
<DM name="WPAGroupRekey" val="600"/>
<DM name="WPAEAPServerIp" val="192.168.1.1"/>
<DM name="WPAEAPSecret" val="12345678"/>
<DM name="MaxUserNum" val="32"/>
<DM name="VapIsolationEnable" val="0"/>
<DM name="BasicEncryptionModes" val="0"/>
<DM name="IsPublicWiFiInterface" val="0"/>
</Row>
<Row No="2">
<DM name="ViewName" val="IGD.LD1.WLAN3"/>
<DM name="LANDViewName" val="IGD.LD1"/>
<DM name="ValidIf" val="1"/>
<DM name="InstExist" val="0"/>
<DM name="Enable" val="1"/>
<DM name="ESSID" val="te WiFi"/>
<DM name="ESSIDPrefix" val=""/>
<DM name="Priority" val="1"/>
<DM name="ACLPolicy" val="0"/>
<DM name="BeaconType" val="0"/>
<DM name="ESSIDHideEnable" val="0"/>
<DM name="BeaconEnabled" val="1"/>
<DM name="WEPAuthMode" val="2"/>
<DM name="WEPLevel" val="1"/>
<DM name="WEPKeyIndex" val="1"/>
<DM name="WPAEncryptType" val="1"/>
<DM name="WPAAuthMode" val="0"/>
<DM name="11iEncryptType" val="1"/>
<DM name="11iAuthMode" val="0"/>
<DM name="WPAGroupRekey" val="600"/>
<DM name="WPAEAPServerIp" val="192.168.1.1"/>
<DM name="WPAEAPSecret" val="12345678"/>
<DM name="MaxUserNum" val="32"/>
<DM name="VapIsolationEnable" val="0"/>
<DM name="BasicEncryptionModes" val="0"/>
</Row>
<Row No="3">
<DM name="ViewName" val="IGD.LD1.WLAN4"/>
<DM name="LANDViewName" val="IGD.LD1"/>
<DM name="ValidIf" val="1"/>
<DM name="InstExist" val="0"/>
<DM name="Enable" val="0"/>
<DM name="ESSID" val="SSID4"/>
<DM name="ESSIDPrefix" val=""/>
<DM name="Priority" val="1"/>
<DM name="ACLPolicy" val="0"/>
<DM name="BeaconType" val="6"/>
<DM name="ESSIDHideEnable" val="0"/>
<DM name="BeaconEnabled" val="1"/>
<DM name="WEPAuthMode" val="2"/>
<DM name="WEPLevel" val="1"/>
<DM name="WEPKeyIndex" val="1"/>
<DM name="WPAEncryptType" val="1"/>
<DM name="WPAAuthMode" val="1"/>
<DM name="11iEncryptType" val="1"/>
<DM name="11iAuthMode" val="1"/>
<DM name="WPAGroupRekey" val="600"/>
<DM name="WPAEAPServerIp" val="192.168.1.1"/>
<DM name="WPAEAPSecret" val="12345678"/>
<DM name="MaxUserNum" val="32"/>
<DM name="VapIsolationEnable" val="1"/>
<DM name="BasicEncryptionModes" val="0"/>
<DM name="IsPublicWiFiInterface" val="1"/>
</Row>
</Tbl>
<Tbl name="WLANCountry" RowCount="14">
<Row No="0">
<DM name="ViewName" val="IGD.Country1"/>
<DM name="Enable" val="1"/>
<DM name="CountryCode" val="0"/>
<DM name="ChannelScope" val="1"/>
</Row>
<Row No="1">
<DM name="ViewName" val="IGD.Country2"/>
<DM name="Enable" val="1"/>
<DM name="CountryCode" val="1"/>
<DM name="ChannelScope" val="1"/>
</Row>
<Row No="2">
<DM name="ViewName" val="IGD.Country3"/>
<DM name="Enable" val="1"/>
<DM name="CountryCode" val="2"/>
<DM name="ChannelScope" val="1"/>
</Row>
<Row No="3">
<DM name="ViewName" val="IGD.Country4"/>
<DM name="Enable" val="1"/>
<DM name="CountryCode" val="3"/>
<DM name="ChannelScope" val="0"/>
</Row>
<Row No="4">
<DM name="ViewName" val="IGD.Country5"/>
<DM name="Enable" val="1"/>
<DM name="CountryCode" val="4"/>
<DM name="ChannelScope" val="1"/>
</Row>
<Row No="5">
<DM name="ViewName" val="IGD.Country6"/>
<DM name="Enable" val="1"/>
<DM name="CountryCode" val="5"/>
<DM name="ChannelScope" val="1"/>
</Row>
<Row No="6">
<DM name="ViewName" val="IGD.Country7"/>
<DM name="Enable" val="1"/>
<DM name="CountryCode" val="6"/>
<DM name="ChannelScope" val="1"/>
</Row>
<Row No="7">
<DM name="ViewName" val="IGD.Country8"/>
<DM name="Enable" val="1"/>
<DM name="CountryCode" val="7"/>
<DM name="ChannelScope" val="1"/>
</Row>
<Row No="8">
<DM name="ViewName" val="IGD.Country9"/>
<DM name="Enable" val="1"/>
<DM name="CountryCode" val="8"/>
<DM name="ChannelScope" val="1"/>
</Row>
<Row No="9">
<DM name="ViewName" val="IGD.Country10"/>
<DM name="Enable" val="1"/>
<DM name="CountryCode" val="9"/>
<DM name="ChannelScope" val="1"/>
</Row>
<Row No="10">
<DM name="ViewName" val="IGD.Country11"/>
<DM name="Enable" val="1"/>
<DM name="CountryCode" val="10"/>
<DM name="ChannelScope" val="1"/>
</Row>
<Row No="11">
<DM name="ViewName" val="IGD.Country12"/>
<DM name="Enable" val="1"/>
<DM name="CountryCode" val="11"/>
<DM name="ChannelScope" val="1"/>
</Row>
<Row No="12">
<DM name="ViewName" val="IGD.Country13"/>
<DM name="Enable" val="1"/>
<DM name="CountryCode" val="12"/>
<DM name="ChannelScope" val="1"/>
</Row>
<Row No="13">
<DM name="ViewName" val="IGD.Country14"/>
<DM name="Enable" val="1"/>
<DM name="CountryCode" val="13"/>
<DM name="ChannelScope" val="0"/>
</Row>
</Tbl>
<Tbl name="WLANPSK" RowCount="4">
<Row No="0">
<DM name="ViewName" val="IGD.LD1.WLAN1.PSK1"/>
<DM name="WLANViewName" val=""/>
<DM name="PreSharedKey" val=""/>
<DM name="KeyPassphrase" val="12345678"/>
</Row>
<Row No="1">
<DM name="ViewName" val="IGD.LD1.WLAN2.PSK1"/>
<DM name="WLANViewName" val=""/>
<DM name="PreSharedKey" val=""/>
<DM name="KeyPassphrase" val="12345678"/>
</Row>
<Row No="2">
<DM name="ViewName" val="IGD.LD1.WLAN3.PSK1"/>
<DM name="WLANViewName" val=""/>
<DM name="PreSharedKey" val=""/>
<DM name="KeyPassphrase" val="12345678"/>
</Row>
<Row No="3">
<DM name="ViewName" val="IGD.LD1.WLAN4.PSK1"/>
<DM name="WLANViewName" val=""/>
<DM name="PreSharedKey" val=""/>
<DM name="KeyPassphrase" val="12345678"/>
</Row>
</Tbl>
<Tbl name="WLANWEP" RowCount="16">
<Row No="0">
<DM name="ViewName" val="IGD.LD1.WLAN1.WEP1"/>
<DM name="WLANViewName" val="IGD.LD1.WLAN1"/>
<DM name="Key" val="11111"/>
</Row>
<Row No="1">
<DM name="ViewName" val="IGD.LD1.WLAN1.WEP2"/>
<DM name="WLANViewName" val="IGD.LD1.WLAN1"/>
<DM name="Key" val="22222"/>
</Row>
<Row No="2">
<DM name="ViewName" val="IGD.LD1.WLAN1.WEP3"/>
<DM name="WLANViewName" val="IGD.LD1.WLAN1"/>
<DM name="Key" val="33333"/>
</Row>
<Row No="3">
<DM name="ViewName" val="IGD.LD1.WLAN1.WEP4"/>
<DM name="WLANViewName" val="IGD.LD1.WLAN1"/>
<DM name="Key" val="44444"/>
</Row>
<Row No="4">
<DM name="ViewName" val="IGD.LD1.WLAN2.WEP1"/>
<DM name="WLANViewName" val="IGD.LD1.WLAN2"/>
<DM name="Key" val="11111"/>
</Row>
<Row No="5">
<DM name="ViewName" val="IGD.LD1.WLAN2.WEP2"/>
<DM name="WLANViewName" val="IGD.LD1.WLAN2"/>
<DM name="Key" val="22222"/>
</Row>
<Row No="6">
<DM name="ViewName" val="IGD.LD1.WLAN2.WEP3"/>
<DM name="WLANViewName" val="IGD.LD1.WLAN2"/>
<DM name="Key" val="33333"/>
</Row>
<Row No="7">
<DM name="ViewName" val="IGD.LD1.WLAN2.WEP4"/>
<DM name="WLANViewName" val="IGD.LD1.WLAN2"/>
<DM name="Key" val="44444"/>
</Row>
<Row No="8">
<DM name="ViewName" val="IGD.LD1.WLAN3.WEP1"/>
<DM name="WLANViewName" val="IGD.LD1.WLAN3"/>
<DM name="Key" val="11111"/>
</Row>
<Row No="9">
<DM name="ViewName" val="IGD.LD1.WLAN3.WEP2"/>
<DM name="WLANViewName" val="IGD.LD1.WLAN3"/>
<DM name="Key" val="22222"/>
</Row>
<Row No="10">
<DM name="ViewName" val="IGD.LD1.WLAN3.WEP3"/>
<DM name="WLANViewName" val="IGD.LD1.WLAN3"/>
<DM name="Key" val="33333"/>
</Row>
<Row No="11">
<DM name="ViewName" val="IGD.LD1.WLAN3.WEP4"/>
<DM name="WLANViewName" val="IGD.LD1.WLAN3"/>
<DM name="Key" val="44444"/>
</Row>
<Row No="12">
<DM name="ViewName" val="IGD.LD1.WLAN4.WEP1"/>
<DM name="WLANViewName" val="IGD.LD1.WLAN4"/>
<DM name="Key" val="11111"/>
</Row>
<Row No="13">
<DM name="ViewName" val="IGD.LD1.WLAN4.WEP2"/>
<DM name="WLANViewName" val="IGD.LD1.WLAN4"/>
<DM name="Key" val="22222"/>
</Row>
<Row No="14">
<DM name="ViewName" val="IGD.LD1.WLAN4.WEP3"/>
<DM name="WLANViewName" val="IGD.LD1.WLAN4"/>
<DM name="Key" val="33333"/>
</Row>
<Row No="15">
<DM name="ViewName" val="IGD.LD1.WLAN4.WEP4"/>
<DM name="WLANViewName" val="IGD.LD1.WLAN4"/>
<DM name="Key" val="44444"/>
</Row>
</Tbl>
<Tbl name="WLANWMM" RowCount="16">
<Row No="0">
<DM name="ViewName" val="IGD.LD1.WLAN1.WMM1"/>
<DM name="WLANViewName" val="IGD.LD1.WLAN1"/>
<DM name="Type" val="0"/>
<DM name="AIFSN" val="3"/>
<DM name="ECWMin" val="4"/>
<DM name="ECWMax" val="6"/>
<DM name="TXOP" val="0"/>
<DM name="Qlength" val="256"/>
<DM name="SRL" val="7"/>
<DM name="LRL" val="4"/>
</Row>
<Row No="1">
<DM name="ViewName" val="IGD.LD1.WLAN1.WMM2"/>
<DM name="WLANViewName" val="IGD.LD1.WLAN1"/>
<DM name="Type" val="1"/>
<DM name="AIFSN" val="7"/>
<DM name="ECWMin" val="4"/>
<DM name="ECWMax" val="10"/>
<DM name="TXOP" val="0"/>
<DM name="Qlength" val="256"/>
<DM name="SRL" val="7"/>
<DM name="LRL" val="4"/>
</Row>
<Row No="2">
<DM name="ViewName" val="IGD.LD1.WLAN1.WMM3"/>
<DM name="WLANViewName" val="IGD.LD1.WLAN1"/>
<DM name="Type" val="2"/>
<DM name="AIFSN" val="2"/>
<DM name="ECWMin" val="3"/>
<DM name="ECWMax" val="4"/>
<DM name="TXOP" val="94"/>
<DM name="Qlength" val="256"/>
<DM name="SRL" val="7"/>
<DM name="LRL" val="4"/>
</Row>
<Row No="3">
<DM name="ViewName" val="IGD.LD1.WLAN1.WMM4"/>
<DM name="WLANViewName" val="IGD.LD1.WLAN1"/>
<DM name="Type" val="3"/>
<DM name="AIFSN" val="2"/>
<DM name="ECWMin" val="2"/>
<DM name="ECWMax" val="3"/>
<DM name="TXOP" val="47"/>
<DM name="Qlength" val="256"/>
<DM name="SRL" val="7"/>
<DM name="LRL" val="4"/>
</Row>
<Row No="4">
<DM name="ViewName" val=""/>
<DM name="WLANViewName" val=""/>
<DM name="Type" val="0"/>
<DM name="AIFSN" val="0"/>
<DM name="ECWMin" val="0"/>
<DM name="ECWMax" val="0"/>
<DM name="TXOP" val="0"/>
<DM name="Qlength" val="256"/>
<DM name="SRL" val="7"/>
<DM name="LRL" val="4"/>
</Row>
<Row No="5">
<DM name="ViewName" val=""/>
<DM name="WLANViewName" val=""/>
<DM name="Type" val="0"/>
<DM name="AIFSN" val="0"/>
<DM name="ECWMin" val="0"/>
<DM name="ECWMax" val="0"/>
<DM name="TXOP" val="0"/>
<DM name="Qlength" val="256"/>
<DM name="SRL" val="7"/>
<DM name="LRL" val="4"/>
</Row>
<Row No="6">
<DM name="ViewName" val=""/>
<DM name="WLANViewName" val=""/>
<DM name="Type" val="0"/>
<DM name="AIFSN" val="0"/>
<DM name="ECWMin" val="0"/>
<DM name="ECWMax" val="0"/>
<DM name="TXOP" val="0"/>
<DM name="Qlength" val="256"/>
<DM name="SRL" val="7"/>
<DM name="LRL" val="4"/>
</Row>
<Row No="7">
<DM name="ViewName" val=""/>
<DM name="WLANViewName" val=""/>
<DM name="Type" val="0"/>
<DM name="AIFSN" val="0"/>
<DM name="ECWMin" val="0"/>
<DM name="ECWMax" val="0"/>
<DM name="TXOP" val="0"/>
<DM name="Qlength" val="256"/>
<DM name="SRL" val="7"/>
<DM name="LRL" val="4"/>
</Row>
<Row No="8">
<DM name="ViewName" val=""/>
<DM name="WLANViewName" val=""/>
<DM name="Type" val="0"/>
<DM name="AIFSN" val="0"/>
<DM name="ECWMin" val="0"/>
<DM name="ECWMax" val="0"/>
<DM name="TXOP" val="0"/>
<DM name="Qlength" val="256"/>
<DM name="SRL" val="7"/>
<DM name="LRL" val="4"/>
</Row>
<Row No="9">
<DM name="ViewName" val=""/>
<DM name="WLANViewName" val=""/>
<DM name="Type" val="0"/>
<DM name="AIFSN" val="0"/>
<DM name="ECWMin" val="0"/>
<DM name="ECWMax" val="0"/>
<DM name="TXOP" val="0"/>
<DM name="Qlength" val="256"/>
<DM name="SRL" val="7"/>
<DM name="LRL" val="4"/>
</Row>
<Row No="10">
<DM name="ViewName" val=""/>
<DM name="WLANViewName" val=""/>
<DM name="Type" val="0"/>
<DM name="AIFSN" val="0"/>
<DM name="ECWMin" val="0"/>
<DM name="ECWMax" val="0"/>
<DM name="TXOP" val="0"/>
<DM name="Qlength" val="256"/>
<DM name="SRL" val="7"/>
<DM name="LRL" val="4"/>
</Row>
<Row No="11">
<DM name="ViewName" val=""/>
<DM name="WLANViewName" val=""/>
<DM name="Type" val="0"/>
<DM name="AIFSN" val="0"/>
<DM name="ECWMin" val="0"/>
<DM name="ECWMax" val="0"/>
<DM name="TXOP" val="0"/>
<DM name="Qlength" val="256"/>
<DM name="SRL" val="7"/>
<DM name="LRL" val="4"/>
</Row>
<Row No="12">
<DM name="ViewName" val=""/>
<DM name="WLANViewName" val=""/>
<DM name="Type" val="0"/>
<DM name="AIFSN" val="0"/>
<DM name="ECWMin" val="0"/>
<DM name="ECWMax" val="0"/>
<DM name="TXOP" val="0"/>
<DM name="Qlength" val="256"/>
<DM name="SRL" val="7"/>
<DM name="LRL" val="4"/>
</Row>
<Row No="13">
<DM name="ViewName" val=""/>
<DM name="WLANViewName" val=""/>
<DM name="Type" val="0"/>
<DM name="AIFSN" val="0"/>
<DM name="ECWMin" val="0"/>
<DM name="ECWMax" val="0"/>
<DM name="TXOP" val="0"/>
<DM name="Qlength" val="256"/>
<DM name="SRL" val="7"/>
<DM name="LRL" val="4"/>
</Row>
<Row No="14">
<DM name="ViewName" val=""/>
<DM name="WLANViewName" val=""/>
<DM name="Type" val="0"/>
<DM name="AIFSN" val="0"/>
<DM name="ECWMin" val="0"/>
<DM name="ECWMax" val="0"/>
<DM name="TXOP" val="0"/>
<DM name="Qlength" val="256"/>
<DM name="SRL" val="7"/>
<DM name="LRL" val="4"/>
</Row>
<Row No="15">
<DM name="ViewName" val=""/>
<DM name="WLANViewName" val=""/>
<DM name="Type" val="0"/>
<DM name="AIFSN" val="0"/>
<DM name="ECWMin" val="0"/>
<DM name="ECWMax" val="0"/>
<DM name="TXOP" val="0"/>
<DM name="Qlength" val="256"/>
<DM name="SRL" val="7"/>
<DM name="LRL" val="4"/>
</Row>
</Tbl>
<Tbl name="WLANWPS" RowCount="4">
<Row No="0">
<DM name="ViewName" val="IGD.LD1.WLAN1.WPS"/>
<DM name="WLANViewName" val="IGD.LD1.WLAN1"/>
<DM name="Enable" val="1"/>
<DM name="WPSMode" val="0"/>
</Row>
<Row No="1">
<DM name="ViewName" val="IGD.LD1.WLAN2.WPS"/>
<DM name="WLANViewName" val="IGD.LD1.WLAN2"/>
<DM name="Enable" val="0"/>
<DM name="WPSMode" val="0"/>
</Row>
<Row No="2">
<DM name="ViewName" val="IGD.LD1.WLAN3.WPS"/>
<DM name="WLANViewName" val="IGD.LD1.WLAN3"/>
<DM name="Enable" val="0"/>
<DM name="WPSMode" val="0"/>
</Row>
<Row No="3">
<DM name="ViewName" val="IGD.LD1.WLAN4.WPS"/>
<DM name="WLANViewName" val="IGD.LD1.WLAN4"/>
<DM name="Enable" val="0"/>
<DM name="WPSMode" val="0"/>
</Row>
</Tbl>
<Tbl name="WlanTimeCfg" RowCount="1">
<Row No="0">
<DM name="TimerEnable" val="0"/>
<DM name="SetEnable" val="1"/>
<DM name="TimeSetRule" val="0"/>
</Row>
</Tbl>
<Tbl name="IGMPProxy" RowCount="1">
<Row No="0">
<DM name="Enable" val="1"/>
<DM name="WanCID" val=""/>
</Row>
</Tbl>
<Tbl name="DevInfo" RowCount="1">
<Row No="0">
<DM name="CfgLable" val="Default_V1_A"/>
<DM name="SaveFlag" val="0"/>
<DM name="FirstUseDate" val="0001-01-01T00:00:00Z"/>
</Row>
</Tbl>
<Tbl name="UserIF" RowCount="1">
<Row No="0">
<DM name="Timeout" val="5"/>
<DM name="Language" val="1"/>
</Row>
</Tbl>
<Tbl name="DevAuthInfo" RowCount="5">
<Row No="0">
<DM name="ViewName" val="IGD.AU1"/>
<DM name="Enable" val="1"/>
<DM name="AppID" val="1"/>
<DM name="User" val="admin"/>
<DM name="Pass" val="admin"/>
<DM name="Level" val="1"/>
<DM name="Extra" val=""/>
<DM name="ExtraInt" val="0"/>
</Row>
<Row No="1">
<DM name="ViewName" val="IGD.AU2"/>
<DM name="Enable" val="0"/>
<DM name="AppID" val="1"/>
<DM name="User" val="user"/>
<DM name="Pass" val="user"/>
<DM name="Level" val="2"/>
<DM name="Extra" val=""/>
<DM name="ExtraInt" val="0"/>
</Row>
<Row No="2">
<DM name="ViewName" val="IGD.AU3"/>
<DM name="Enable" val="1"/>
<DM name="AppID" val="2"/>
<DM name="User" val="admin"/>
<DM name="Pass" val="admin"/>
<DM name="Level" val="2"/>
<DM name="Extra" val=""/>
<DM name="ExtraInt" val="0"/>
</Row>
<Row No="3">
<DM name="ViewName" val="IGD.AU4"/>
<DM name="Enable" val="1"/>
<DM name="AppID" val="2"/>
<DM name="User" val=""/>
<DM name="Pass" val="zte"/>
<DM name="Level" val="1"/>
<DM name="Extra" val=""/>
<DM name="ExtraInt" val="0"/>
</Row>
<Row No="4">
<DM name="ViewName" val="IGD.AU5"/>
<DM name="Enable" val="1"/>
<DM name="AppID" val="4"/>
<DM name="User" val="admin"/>
<DM name="Pass" val="admin"/>
<DM name="Level" val="1"/>
<DM name="Extra" val=""/>
<DM name="ExtraInt" val="0"/>
</Row>
</Tbl>
<Tbl name="FWBase" RowCount="1">
<Row No="0">
<DM name="IsWanSrvCntl" val="0"/>
<DM name="MacFilterEnable" val="0"/>
<DM name="MacFilterTarget" val="0"/>
<DM name="IpFilterTarget" val="0"/>
<DM name="UrlFilterTarget" val="0"/>
<DM name="UrlFilterEnable" val="0"/>
<DM name="SrvCntlTarget" val="1"/>
<DM name="DefaultPolicy" val="0"/>
<DM name="PCtrlEnable" val="0"/>
<DM name="IsClockValid" val="0"/>
</Row>
</Tbl>
<Tbl name="FWLevel" RowCount="1">
<Row No="0">
<DM name="Level" val="3"/>
<DM name="AntiAttack" val="0"/>
</Row>
</Tbl>
<Tbl name="FWALG" RowCount="1">
<Row No="0">
<DM name="IsSIPAlg" val="1"/>
<DM name="IsFTPAlg" val="1"/>
<DM name="IsH323Alg" val="1"/>
<DM name="IsRTSPAlg" val="1"/>
<DM name="IsL2TPAlg" val="1"/>
<DM name="IsPPTPAlg" val="1"/>
<DM name="IsTFTPAlg" val="1"/>
<DM name="IsSNMPAlg" val="0"/>
<DM name="IsIPSECAlg" val="1"/>
</Row>
</Tbl>
<Tbl name="FWDMZ" RowCount="1">
<Row No="0">
<DM name="ViewName" val="IGD.FWDMZ.FWDMZ1"/>
<DM name="Enable" val="0"/>
<DM name="WANCViewName" val=""/>
<DM name="WANCName" val=""/>
<DM name="InternalMacHost" val="00:00:00:00:00:00"/>
<DM name="MacEnable" val="0"/>
<DM name="InternalHost" val="0.0.0.0"/>
<DM name="DevUniqueNum" val="0"/>
</Row>
</Tbl>
<Tbl name="SNTP" RowCount="1">
<Row No="0">
<DM name="Enable" val="1"/>
<DM name="NtpServer1" val=""/>
<DM name="NtpServer2" val=""/>
<DM name="NtpServer3" val=""/>
<DM name="NtpServer4" val=""/>
<DM name="NtpServer5" val=""/>
<DM name="LocalTimeZone" val="0:00"/>
<DM name="LocalTimeZoneName" val="Casablanca, Monrovia, Greenwich Mean Time: Dublin, Edinburgh"/>
<DM name="DaylightSavingsUsed" val="0"/>
<DM name="DaylightSavingsStart" val=""/>
<DM name="DaylightSavingsEnd" val=""/>
<DM name="PollTimeInterval" val="86400"/>
<DM name="isSynchronized" val="0"/>
<DM name="SupportAccessRefuse" val="1"/>
<DM name="Dscp" val="-1"/>
<DM name="QueueNum" val="-1"/>
<DM name="iZoneIndex" val="48"/>
<DM name="sPosixTimeZoneName" val="EST+02:00"/>
<DM name="Interface" val=""/>
</Row>
</Tbl>
<Tbl name="QOSBasic" RowCount="1">
<Row No="0">
<DM name="Enable" val="0"/>
<DM name="Mode" val="0"/>
<DM name="MaxQCNum" val="30"/>
<DM name="QPEnable" val="0"/>
<DM name="QPAlgorithmName" val="1"/>
<DM name="MaxQPNum" val="10"/>
<DM name="QQEnable" val="1"/>
<DM name="QQAlgorithmName" val="1"/>
<DM name="QQBorrowEnable" val="1"/>
<DM name="QQRate" val="0"/>
<DM name="MaxQQNum" val="40"/>
<DM name="DSCPRemarkEnable" val="0"/>
<DM name="VlanprioRemarkEnable" val="0"/>
<DM name="QQDwrrNum" val="7"/>
<DM name="ConsiderAtmQosEnable" val="0"/>
</Row>
</Tbl>
<Tbl name="QOSQueue" RowCount="8">
<Row No="0">
<DM name="ViewName" val="IGD.QOS.QQ1"/>
<DM name="QueueKey" val="1"/>
<DM name="QueueNum" val="1"/>
<DM name="Enable" val="0"/>
<DM name="QueueBufferLength" val="0"/>
<DM name="Weight" val="0"/>
<DM name="QueueInterface" val="WAN"/>
<DM name="SchedulerAlgorithm" val="SP"/>
<DM name="ShapingRate" val="0"/>
<DM name="DropAlgorithm" val="DT"/>
<DM name="Rate" val="0"/>
<DM name="Burst" val="0"/>
<DM name="Ceil" val="0"/>
</Row>
<Row No="1">
<DM name="ViewName" val="IGD.QOS.QQ2"/>
<DM name="QueueKey" val="2"/>
<DM name="QueueNum" val="2"/>
<DM name="Enable" val="0"/>
<DM name="QueueBufferLength" val="0"/>
<DM name="Weight" val="0"/>
<DM name="QueueInterface" val="WAN"/>
<DM name="SchedulerAlgorithm" val="SP"/>
<DM name="ShapingRate" val="0"/>
<DM name="DropAlgorithm" val="DT"/>
<DM name="Rate" val="0"/>
<DM name="Burst" val="0"/>
<DM name="Ceil" val="0"/>
</Row>
<Row No="2">
<DM name="ViewName" val="IGD.QOS.QQ3"/>
<DM name="QueueKey" val="3"/>
<DM name="QueueNum" val="3"/>
<DM name="Enable" val="0"/>
<DM name="QueueBufferLength" val="0"/>
<DM name="Weight" val="0"/>
<DM name="QueueInterface" val="WAN"/>
<DM name="SchedulerAlgorithm" val="SP"/>
<DM name="ShapingRate" val="0"/>
<DM name="DropAlgorithm" val="DT"/>
<DM name="Rate" val="0"/>
<DM name="Burst" val="0"/>
<DM name="Ceil" val="0"/>
</Row>
<Row No="3">
<DM name="ViewName" val="IGD.QOS.QQ4"/>
<DM name="QueueKey" val="4"/>
<DM name="QueueNum" val="4"/>
<DM name="Enable" val="0"/>
<DM name="QueueBufferLength" val="0"/>
<DM name="Weight" val="0"/>
<DM name="QueueInterface" val="WAN"/>
<DM name="SchedulerAlgorithm" val="SP"/>
<DM name="ShapingRate" val="0"/>
<DM name="DropAlgorithm" val="DT"/>
<DM name="Rate" val="0"/>
<DM name="Burst" val="0"/>
<DM name="Ceil" val="0"/>
</Row>
<Row No="4">
<DM name="ViewName" val="IGD.QOS.QQ5"/>
<DM name="QueueKey" val="5"/>
<DM name="QueueNum" val="5"/>
<DM name="Enable" val="0"/>
<DM name="QueueBufferLength" val="0"/>
<DM name="Weight" val="0"/>
<DM name="QueueInterface" val="WAN"/>
<DM name="SchedulerAlgorithm" val="SP"/>
<DM name="ShapingRate" val="0"/>
<DM name="DropAlgorithm" val="DT"/>
<DM name="Rate" val="0"/>
<DM name="Burst" val="0"/>
<DM name="Ceil" val="0"/>
</Row>
<Row No="5">
<DM name="ViewName" val="IGD.QOS.QQ6"/>
<DM name="QueueKey" val="6"/>
<DM name="QueueNum" val="6"/>
<DM name="Enable" val="0"/>
<DM name="QueueBufferLength" val="0"/>
<DM name="Weight" val="0"/>
<DM name="QueueInterface" val="WAN"/>
<DM name="SchedulerAlgorithm" val="SP"/>
<DM name="ShapingRate" val="0"/>
<DM name="DropAlgorithm" val="DT"/>
<DM name="Rate" val="0"/>
<DM name="Burst" val="0"/>
<DM name="Ceil" val="0"/>
</Row>
<Row No="6">
<DM name="ViewName" val="IGD.QOS.QQ7"/>
<DM name="QueueKey" val="7"/>
<DM name="QueueNum" val="7"/>
<DM name="Enable" val="1"/>
<DM name="QueueBufferLength" val="0"/>
<DM name="Weight" val="0"/>
<DM name="QueueInterface" val="WAN"/>
<DM name="SchedulerAlgorithm" val="SP"/>
<DM name="ShapingRate" val="0"/>
<DM name="DropAlgorithm" val="DT"/>
<DM name="Rate" val="0"/>
<DM name="Burst" val="0"/>
<DM name="Ceil" val="0"/>
</Row>
<Row No="7">
<DM name="ViewName" val="IGD.QOS.QQ8"/>
<DM name="QueueKey" val="8"/>
<DM name="QueueNum" val="8"/>
<DM name="Enable" val="1"/>
<DM name="QueueBufferLength" val="0"/>
<DM name="Weight" val="0"/>
<DM name="QueueInterface" val="WAN"/>
<DM name="SchedulerAlgorithm" val="SP"/>
<DM name="ShapingRate" val="0"/>
<DM name="DropAlgorithm" val="DT"/>
<DM name="Rate" val="0"/>
<DM name="Burst" val="0"/>
<DM name="Ceil" val="0"/>
</Row>
</Tbl>
<Tbl name="L3Forwarding" RowCount="1">
<Row No="0">
<DM name="DefRTInterface" val=""/>
<DM name="RTSum" val="0"/>
</Row>
</Tbl>
<Tbl name="MgtServer" RowCount="1">
<Row No="0">
<DM name="URL" val="http://acs.tedata.net.eg/"/>
<DM name="UserName" val=""/>
<DM name="Password" val=""/>
<DM name="PeriodicInformEnable" val="1"/>
<DM name="PeriodicInformInterval" val="300"/>
<DM name="PeriodicInformTime" val="0000-00-00T00:00:00"/>
<DM name="ParameterKey" val=""/>
<DM name="ConnectionRequestURL" val="7547"/>
<DM name="ConnectionRequestUsername" val=""/>
<DM name="ConnectionRequestPassword" val=""/>
<DM name="UpgradesManaged" val="0"/>
<DM name="Event" val=""/>
<DM name="DefaultWan" val="IGD.WD1.WCD1.WCPPP1"/>
<DM name="SessionRetryTimes" val="30:60:300:600:3600"/>
<DM name="SupportCertAuth" val="0"/>
<DM name="Tr069Enable" val="1"/>
<DM name="MWSURL" val="http://0.0.0.0:9090"/>
<DM name="StringPrefix" val=""/>
<DM name="CertID" val="Auto"/>
<DM name="CheckHost" val="0"/>
</Row>
</Tbl>
<Tbl name="DNSSettings" RowCount="1">
<Row No="0">
<DM name="DnsCMAPIEnabled" val="1"/>
<DM name="DomainName" val="zte.com.cn"/>
<DM name="SerIPAddress1" val="0.0.0.0"/>
<DM name="SerIPAddress2" val="0.0.0.0"/>
<DM name="SerIPAddress3" val="0.0.0.0"/>
<DM name="SerIPAddress4" val="0.0.0.0"/>
<DM name="SerIPAddress5" val="0.0.0.0"/>
</Row>
</Tbl>
<Tbl name="UPnPCfg" RowCount="1">
<Row No="0">
<DM name="EnableUPnPIGD" val="0"/>
<DM name="WanName" val=""/>
<DM name="LanName" val="IGD.LD1"/>
<DM name="ADPeriod" val="30"/>
<DM name="TTL" val="4"/>
</Row>
</Tbl>
<Tbl name="DDNSClient" RowCount="1">
<Row No="0">
<DM name="ViewName" val="IGD.DDNC1"/>
<DM name="Enable" val="0"/>
<DM name="Hidden" val="0"/>
<DM name="LastError" val=""/>
<DM name="Interface" val=""/>
<DM name="DomainName" val=""/>
<DM name="Service" val=""/>
<DM name="Username" val=""/>
<DM name="Password" val=""/>
<DM name="Offline" val="0"/>
<DM name="HostNumber" val="0"/>
</Row>
</Tbl>
<Tbl name="DDNSService" RowCount="3">
<Row No="0">
<DM name="ViewName" val="IGD.DDNSS1"/>
<DM name="Name" val="dyndns"/>
<DM name="Server" val="http://www.dyndns.com"/>
<DM name="ServerPort" val="80"/>
<DM name="Request" val=""/>
<DM name="UpdateInterval" val="86400"/>
<DM name="RetryInterval" val="60"/>
<DM name="MaxRetries" val="3"/>
</Row>
<Row No="1">
<DM name="ViewName" val="IGD.DDNSS2"/>
<DM name="Name" val="dipc"/>
<DM name="Server" val="http://ns.eagleeyes.com.cn/cgi-bin/gdipupdt.cgi"/>
<DM name="ServerPort" val="80"/>
<DM name="Request" val=""/>
<DM name="UpdateInterval" val="86400"/>
<DM name="RetryInterval" val="60"/>
<DM name="MaxRetries" val="3"/>
</Row>
<Row No="2">
<DM name="ViewName" val="IGD.DDNSS3"/>
<DM name="Name" val="DtDNS"/>
<DM name="Server" val="http://www.dtdns.com"/>
<DM name="ServerPort" val="80"/>
<DM name="Request" val=""/>
<DM name="UpdateInterval" val="86400"/>
<DM name="RetryInterval" val="60"/>
<DM name="MaxRetries" val="3"/>
</Row>
</Tbl>
<Tbl name="DDNSHostname" RowCount="1">
<Row No="0">
<DM name="ViewName" val="IGD.DDNC1.Host1"/>
<DM name="DDNSClientViewName" val="IGD.DDNC1"/>
<DM name="Name" val=""/>
</Row>
</Tbl>
<Tbl name="WANDCommCfg" RowCount="1">
<Row No="0">
<DM name="ViewName" val="IGD.WD1.WDCommCfg"/>
<DM name="WDViewName" val="IGD.WD1"/>
<DM name="EnabledForInternet" val="1"/>
</Row>
</Tbl>
<Tbl name="Log" RowCount="1">
<Row No="0">
<DM name="LogEnable" val="1"/>
<DM name="LogLevel" val="3"/>
<DM name="ServiceEnable" val="0"/>
<DM name="ServicePort" val="514"/>
<DM name="ServiceIp" val="0.0.0.0"/>
</Row>
</Tbl>
<Tbl name="FTPServerCfg" RowCount="1">
<Row No="0">
<DM name="FtpEnable" val="0"/>
<DM name="ServerPort" val="21"/>
<DM name="WanIfEnable" val="0"/>
<DM name="FtpAnon" val="0"/>
<DM name="WanID0" val=""/>
<DM name="WanID1" val=""/>
<DM name="WanID2" val=""/>
<DM name="WanID3" val=""/>
<DM name="WanID4" val=""/>
<DM name="WanID5" val=""/>
<DM name="WanID6" val=""/>
<DM name="WanID7" val=""/>
<DM name="MaxClient" val="3"/>
<DM name="MaxPerIp" val="3"/>
<DM name="MaxRate" val="250000"/>
</Row>
</Tbl>
<Tbl name="FTPUser" RowCount="1">
<Row No="0">
<DM name="ViewName" val="IGD.FTPUSER0"/>
<DM name="Username" val="admin"/>
<DM name="Password" val="admin"/>
<DM name="Location" val="/mnt"/>
<DM name="UserRight" val="3"/>
</Row>
</Tbl>
<Tbl name="TelnetCfg" RowCount="1">
<Row No="0">
<DM name="TS_Enable" val="1"/>
<DM name="Wan_Enable" val="0"/>
<DM name="Lan_Enable" val="0"/>
<DM name="TS_Port" val="23"/>
<DM name="TS_UName" val="admin"/>
<DM name="TS_UPwd" val="admin"/>
<DM name="Max_Con_Num" val="1"/>
<DM name="ProcType" val="1"/>
<DM name="WanSec_Enable" val="0"/>
<DM name="LanSec_Enable" val="1"/>
</Row>
</Tbl>
<Tbl name="RouteSYSRT" RowCount="1">
<Row No="0">
<DM name="Display" val="0"/>
</Row>
</Tbl>
<Tbl name="L2BAvailIF" RowCount="12">
<Row No="0">
<DM name="ViewName" val="IGD.L2BAvailIF1"/>
<DM name="AvailInterfaceKey" val="1"/>
<DM name="InterfaceType" val="1"/>
<DM name="InterfaceReference" val="IGD.LD1.WLAN1"/>
<DM name="X_ZTE_PortAttr" val=""/>
</Row>
<Row No="1">
<DM name="ViewName" val="IGD.L2BAvailIF2"/>
<DM name="AvailInterfaceKey" val="2"/>
<DM name="InterfaceType" val="1"/>
<DM name="InterfaceReference" val="IGD.LD1.WLAN2"/>
<DM name="X_ZTE_PortAttr" val=""/>
</Row>
<Row No="2">
<DM name="ViewName" val="IGD.L2BAvailIF3"/>
<DM name="AvailInterfaceKey" val="3"/>
<DM name="InterfaceType" val="1"/>
<DM name="InterfaceReference" val="IGD.LD1.WLAN3"/>
<DM name="X_ZTE_PortAttr" val=""/>
</Row>
<Row No="3">
<DM name="ViewName" val="IGD.L2BAvailIF4"/>
<DM name="AvailInterfaceKey" val="4"/>
<DM name="InterfaceType" val="1"/>
<DM name="InterfaceReference" val="IGD.LD1.WLAN4"/>
<DM name="X_ZTE_PortAttr" val=""/>
</Row>
<Row No="4">
<DM name="ViewName" val="IGD.L2BAvailIF16"/>
<DM name="AvailInterfaceKey" val="5"/>
<DM name="InterfaceType" val="0"/>
<DM name="InterfaceReference" val="IGD.LD1.ETH1"/>
<DM name="X_ZTE_PortAttr" val=""/>
</Row>
<Row No="5">
<DM name="ViewName" val="IGD.L2BAvailIF17"/>
<DM name="AvailInterfaceKey" val="6"/>
<DM name="InterfaceType" val="0"/>
<DM name="InterfaceReference" val="IGD.LD1.ETH2"/>
<DM name="X_ZTE_PortAttr" val=""/>
</Row>
<Row No="6">
<DM name="ViewName" val="IGD.L2BAvailIF18"/>
<DM name="AvailInterfaceKey" val="7"/>
<DM name="InterfaceType" val="0"/>
<DM name="InterfaceReference" val="IGD.LD1.ETH3"/>
<DM name="X_ZTE_PortAttr" val=""/>
</Row>
<Row No="7">
<DM name="ViewName" val="IGD.L2BAvailIF19"/>
<DM name="AvailInterfaceKey" val="8"/>
<DM name="InterfaceType" val="0"/>
<DM name="InterfaceReference" val="IGD.LD1.ETH4"/>
<DM name="X_ZTE_PortAttr" val=""/>
</Row>
<Row No="8">
<DM name="ViewName" val="IGD.L2BAvailIF20"/>
<DM name="AvailInterfaceKey" val="9"/>
<DM name="InterfaceType" val="2"/>
<DM name="InterfaceReference" val="IGD.WD1.WCD1.WCPPP1"/>
<DM name="X_ZTE_PortAttr" val=""/>
</Row>
<Row No="9">
<DM name="ViewName" val="IGD.L2BAvailIF21"/>
<DM name="AvailInterfaceKey" val="10"/>
<DM name="InterfaceType" val="2"/>
<DM name="InterfaceReference" val="IGD.WD1.WCD2.WCPPP1"/>
<DM name="X_ZTE_PortAttr" val=""/>
</Row>
<Row No="10">
<DM name="ViewName" val="IGD.L2BAvailIF22"/>
<DM name="AvailInterfaceKey" val="11"/>
<DM name="InterfaceType" val="2"/>
<DM name="InterfaceReference" val="IGD.WD1.WCD3.WCPPP1"/>
<DM name="X_ZTE_PortAttr" val=""/>
</Row>
<Row No="11">
<DM name="ViewName" val="IGD.L2BAvailIF23"/>
<DM name="AvailInterfaceKey" val="12"/>
<DM name="InterfaceType" val="2"/>
<DM name="InterfaceReference" val="IGD.WD1.WCD4.WCPPP1"/>
<DM name="X_ZTE_PortAttr" val=""/>
</Row>
</Tbl>
<Tbl name="PortBinding" RowCount="5">
<Row No="0">
<DM name="ViewName" val="IGD.Binding1"/>
<DM name="WANViewName" val="IGD.WD1.WCD1.WCPPP1"/>
<DM name="LANViewName" val="IGD.LD1.ETH1"/>
</Row>
<Row No="1">
<DM name="ViewName" val="IGD.Binding2"/>
<DM name="WANViewName" val="IGD.WD1.WCD1.WCPPP1"/>
<DM name="LANViewName" val="IGD.LD1.ETH2"/>
</Row>
<Row No="2">
<DM name="ViewName" val="IGD.Binding3"/>
<DM name="WANViewName" val="IGD.WD1.WCD1.WCPPP1"/>
<DM name="LANViewName" val="IGD.LD1.ETH3"/>
</Row>
<Row No="3">
<DM name="ViewName" val="IGD.Binding4"/>
<DM name="WANViewName" val="IGD.WD1.WCD1.WCPPP1"/>
<DM name="LANViewName" val="IGD.LD1.ETH4"/>
</Row>
<Row No="4">
<DM name="ViewName" val="IGD.Binding5"/>
<DM name="WANViewName" val="IGD.WD1.WCD1.WCPPP1"/>
<DM name="LANViewName" val="IGD.LD1.WLAN1"/>
</Row>
</Tbl>
<Tbl name="PortControl" RowCount="8">
<Row No="0">
<DM name="ViewName" val="IGD.PortControl1"/>
<DM name="PortValue" val="80"/>
<DM name="PortEnable" val="0"/>
<DM name="RedirectPort" val="0"/>
<DM name="ServName" val="WEB"/>
</Row>
<Row No="1">
<DM name="ViewName" val="IGD.PortControl2"/>
<DM name="PortValue" val="21"/>
<DM name="PortEnable" val="0"/>
<DM name="RedirectPort" val="0"/>
<DM name="ServName" val="FTP"/>
</Row>
<Row No="2">
<DM name="ViewName" val="IGD.PortControl3"/>
<DM name="PortValue" val="22"/>
<DM name="PortEnable" val="1"/>
<DM name="RedirectPort" val="0"/>
<DM name="ServName" val="SSH"/>
</Row>
<Row No="3">
<DM name="ViewName" val="IGD.PortControl4"/>
<DM name="PortValue" val="23"/>
<DM name="PortEnable" val="0"/>
<DM name="RedirectPort" val="0"/>
<DM name="ServName" val="TELNET"/>
</Row>
<Row No="4">
<DM name="ViewName" val="IGD.PortControl5"/>
<DM name="PortValue" val="443"/>
<DM name="PortEnable" val="0"/>
<DM name="RedirectPort" val="0"/>
<DM name="ServName" val="HTTPS"/>
</Row>
<Row No="5">
<DM name="ViewName" val="IGD.PortControl6"/>
<DM name="PortValue" val="161"/>
<DM name="PortEnable" val="1"/>
<DM name="RedirectPort" val="0"/>
<DM name="ServName" val="SNMP"/>
</Row>
<Row No="6">
<DM name="ViewName" val="IGD.PortControl7"/>
<DM name="PortValue" val="58000"/>
<DM name="PortEnable" val="1"/>
<DM name="RedirectPort" val="0"/>
<DM name="ServName" val="Tr069"/>
</Row>
<Row No="7">
<DM name="ViewName" val="0"/>
<DM name="PortValue" val="0"/>
<DM name="PortEnable" val="0"/>
<DM name="RedirectPort" val="0"/>
<DM name="ServName" val=""/>
</Row>
</Tbl>
<Tbl name="Upgrade" RowCount="1">
<Row No="0">
<DM name="RemoteUserCfgUrl" val=""/>
<DM name="RemoteFirmwareUrl" val=""/>
<DM name="UpgradeUserCfgEn" val="0"/>
</Row>
</Tbl>
<Tbl name="Tr069Queue" RowCount="1">
<Row No="0">
<DM name="QueueNum" val="8"/>
<DM name="DSCPMark" val="-1"/>
<DM name="VlanPriorityReMark" val="-1"/>
</Row>
</Tbl>
<Tbl name="SrmCfg" RowCount="1">
<Row No="0">
<DM name="CpuLimit" val="95"/>
<DM name="MemLimit" val="80"/>
<DM name="Interval" val="500"/>
<DM name="ContinueTime" val="300"/>
</Row>
</Tbl>
<Tbl name="PortPriority" RowCount="4">
<Row No="0">
<DM name="ViewName" val="IGD.PortPriority1"/>
<DM name="Name" val="pt"/>
<DM name="PortPriority" val="0"/>
<DM name="Mode" val="0"/>
</Row>
<Row No="1">
<DM name="ViewName" val="IGD.PortPriority2"/>
<DM name="Name" val="portmapp"/>
<DM name="PortPriority" val="1"/>
<DM name="Mode" val="0"/>
</Row>
<Row No="2">
<DM name="ViewName" val="IGD.PortPriority3"/>
<DM name="Name" val="upnp"/>
<DM name="PortPriority" val="2"/>
<DM name="Mode" val="0"/>
</Row>
<Row No="3">
<DM name="ViewName" val="IGD.PortPriority4"/>
<DM name="Name" val="dmzmapp"/>
<DM name="PortPriority" val="3"/>
<DM name="Mode" val="0"/>
</Row>
</Tbl>
<Tbl name="TimePolicy" RowCount="3">
<Row No="0">
<DM name="ViewName" val="IGD.TpCfg0"/>
<DM name="AppUser" val="1"/>
<DM name="ExeMode" val="1"/>
<DM name="Cycle1" val="1"/>
<DM name="Cycle2" val="0"/>
<DM name="Cycle3" val="0"/>
<DM name="DefTime" val="1"/>
<DM name="Date" val=""/>
<DM name="RelTime1" val="0"/>
<DM name="RelTime2" val="360"/>
<DM name="ExePolicy" val="1"/>
</Row>
<Row No="1">
<DM name="ViewName" val="IGD.TpCfg1"/>
<DM name="AppUser" val="1"/>
<DM name="ExeMode" val="1"/>
<DM name="Cycle1" val="1"/>
<DM name="Cycle2" val="0"/>
<DM name="Cycle3" val="0"/>
<DM name="DefTime" val="1"/>
<DM name="Date" val=""/>
<DM name="RelTime1" val="360"/>
<DM name="RelTime2" val="1440"/>
<DM name="ExePolicy" val="0"/>
</Row>
<Row No="2">
<DM name="ViewName" val="IGD.TpCfg2"/>
<DM name="AppUser" val="1"/>
<DM name="ExeMode" val="1"/>
<DM name="Cycle1" val="1"/>
<DM name="Cycle2" val="0"/>
<DM name="Cycle3" val="0"/>
<DM name="DefTime" val="1"/>
<DM name="Date" val=""/>
<DM name="RelTime1" val="1440"/>
<DM name="RelTime2" val="1440"/>
<DM name="ExePolicy" val="1"/>
</Row>
</Tbl>
<Tbl name="WWanNet" RowCount="1">
<Row No="0">
<DM name="NetModeSelect" val="0"/>
<DM name="PinRemEnable" val="0"/>
<DM name="PinValue" val="1234"/>
</Row>
</Tbl>
<Tbl name="TR064Cfg" RowCount="1">
<Row No="0">
<DM name="EnableTR064IGD" val="1"/>
<DM name="EnableDigestAuth" val="0"/>
<DM name="LanName" val="IGD.LD1"/>
<DM name="ConfigUsername" val="dslf-config"/>
<DM name="ConfigPassword" val=""/>
<DM name="ResetUsername" val="dslf-reset"/>
<DM name="ResetPassword" val=""/>
<DM name="TimeoutCount" val="1800"/>
</Row>
</Tbl>
<Tbl name="DHCP6SHostCfg" RowCount="1">
<Row No="0">
<DM name="ViewName" val="IGD.LD1.HostCfg"/>
<DM name="LANDViewName" val="IGD.LD1"/>
<DM name="ServerEnable" val="1"/>
<DM name="DnsRefreshTime" val="86400"/>
<DM name="Prefer" val="7"/>
<DM name="ConflictAddrHoldingTime" val="86400"/>
<DM name="DomainName" val=""/>
</Row>
</Tbl>
<Tbl name="RaCfg" RowCount="1">
<Row No="0">
<DM name="ViewName" val="IGD.LD1.RACFG"/>
<DM name="szRoutePortID" val="IGD.LD1"/>
<DM name="dwMinTime" val="198"/>
<DM name="dwMaxTime" val="600"/>
<DM name="bMangment" val="0"/>
<DM name="bOtherCfg" val="1"/>
<DM name="dwReachTime" val="0"/>
<DM name="dwRetranTime" val="0"/>
<DM name="nHopLimit" val="255"/>
<DM name="wRouteLifeTime" val="1800"/>
<DM name="bIsVisual" val="1"/>
<DM name="bState" val="115"/>
</Row>
</Tbl>
<Tbl name="MLDWan" RowCount="1">
<Row No="0">
<DM name="ViewName" val="IGD.MLDWan1"/>
<DM name="WanCID" val=""/>
<DM name="WanType" val="2"/>
</Row>
</Tbl>
<Tbl name="MLDProxyCfg" RowCount="1">
<Row No="0">
<DM name="Enable" val="0"/>
<DM name="WanCID" val="0"/>
<DM name="MldVersion" val="1"/>
</Row>
</Tbl>
<Tbl name="L3Forwarding6" RowCount="1">
<Row No="0">
<DM name="DefRTInterface" val=""/>
<DM name="RTSum" val="0"/>
</Row>
</Tbl>
<Tbl name="DevIPv6Ctrl" RowCount="1">
<Row No="0">
<DM name="Enable" val="0"/>
<DM name="AcceptDad" val="1"/>
</Row>
</Tbl>
<Tbl name="PINGDiag" RowCount="1">
<Row No="0">
<DM name="ViewName" val="IGD.PINGDIAG.CFG1"/>
</Row>
</Tbl>
<Tbl name="ChainBckup" RowCount="1">
<Row No="0">
<DM name="BckupTime" val="30"/>
<DM name="RstoreTime" val="30"/>
</Row>
</Tbl>
<Tbl name="GRECFG" RowCount="1">
<Row No="0">
<DM name="ViewName" val="IGD.GreCfg1"/>
<DM name="Enable" val="1"/>
<DM name="URL" val="10.45.3.65"/>
<DM name="SSID3VlanID" val="102"/>
<DM name="SSID4VlanID" val="0"/>
<DM name="WANCViewName" val="IGD.WD1.WCD2.WCPPP1"/>
<DM name="WLANIF" val="wlan2,wlan3"/>
</Row>
</Tbl>
</DB>
